{"cameraMode":{"drawMode":0,"name":"Shaded","section":"Shading Mode"},"sceneLighting":false,"audioPlay":false,"sceneViewState":{"m_AlwaysRefresh":false,"showFog":true,"showSkybox":false,"showFlares":true,"showImageEffects":true,"showParticleSystems":true,"showVisualEffectGraphs":true,"m_FxEnabled":true},"in2DMode":false,"pivot":{"x":-0.23353803157806397,"y":0.4690122604370117,"z":-1.5112253427505494},"rotation":{"x":0.5539267063140869,"y":-0.007243235129863024,"z":0.004819293040782213,"w":0.8325205445289612},"size":4.951862812042236,"orthographic":true}